"","gridpoint","X.1","X","grid","site","burn.year","p.slope","p.aspect.corrected","p.elevation","p.equivalent.latitude","p.aspect.off.180","org.depth","moisture","elevation","latitude","longitude","aspect","slope","bulk.dens","count_betneo","count_betpap","count_larlar","count_picgla","count_picmar","count_poptre","count_salix","count_unknown","count_ALL","count_spruce","density_ALL","density_spruce","density_betneo","density_betpap","density_larlar","density_picgla","density_picmar","density_poptre","density_salix","density_unknown","ba.betneo","ba.betpap","ba.larlar","ba.picgla","ba.picmar","ba.poptre","ba.salix","ba.unknown","thaw.d","sol","mean.org.tot","mean.thaw.d","mean.ar","mean.tus","picmar.seedling","picgla.seedling","spruce.seedling","betneo.seedling","picmar.sdlng.dens","picgla.sdlng.dens","spruce.seedlng.dens","betneo.sdln.dens","tus.height.adj","ar.height.adj","burn.depth","picgla.change","picmar.change","burn.year1","total.bio","total.bio.cons","tree.bio.m2","tree.bio.carbon.m2","tree.bio.cons.m2","tree.carbon.cons.m2","betneo_total.spec.bio","betneo_total.spec.bio.cons","betneo_tree.spec.bio.m2","betneo_tree.spec.bio.carbon.m2","betneo_tree.spec.bio.cons.m2","betneo_tree.spec.carbon.cons.m2","betpap_total.spec.bio","betpap_total.spec.bio.cons","betpap_tree.spec.bio.m2","betpap_tree.spec.bio.carbon.m2","betpap_tree.spec.bio.cons.m2","betpap_tree.spec.carbon.cons.m2","larlar_total.spec.bio","larlar_total.spec.bio.cons","larlar_tree.spec.bio.m2","larlar_tree.spec.bio.carbon.m2","larlar_tree.spec.bio.cons.m2","larlar_tree.spec.carbon.cons.m2","picgla_total.spec.bio","picgla_total.spec.bio.cons","picgla_tree.spec.bio.m2","picgla_tree.spec.bio.carbon.m2","picgla_tree.spec.bio.cons.m2","picgla_tree.spec.carbon.cons.m2","picmar_total.spec.bio","picmar_total.spec.bio.cons","picmar_tree.spec.bio.m2","picmar_tree.spec.bio.carbon.m2","picmar_tree.spec.bio.cons.m2","picmar_tree.spec.carbon.cons.m2","poptre_total.spec.bio","poptre_total.spec.bio.cons","poptre_tree.spec.bio.m2","poptre_tree.spec.bio.carbon.m2","poptre_tree.spec.bio.cons.m2","poptre_tree.spec.carbon.cons.m2","salix_total.spec.bio","salix_total.spec.bio.cons","salix_tree.spec.bio.m2","salix_tree.spec.bio.carbon.m2","salix_tree.spec.bio.cons.m2","salix_tree.spec.carbon.cons.m2","unknown_total.spec.bio","unknown_total.spec.bio.cons","unknown_tree.spec.bio.m2","unknown_tree.spec.bio.carbon.m2","unknown_tree.spec.bio.cons.m2","unknown_tree.spec.carbon.cons.m2","bd.tot","bd.fine","burn.depth_good","burn.D"
"1","BC1",NA,NA,NA,NA,NA,NA,NA,NA,NA,NA,NA,NA,NA,NA,NA,NA,NA,NA,NA,NA,NA,NA,NA,NA,NA,NA,NA,NA,NA,NA,NA,NA,NA,NA,NA,NA,NA,NA,NA,NA,NA,NA,NA,NA,NA,NA,NA,NA,NA,NA,NA,NA,NA,NA,NA,NA,NA,NA,NA,NA,NA,NA,NA,NA,NA,NA,NA,NA,NA,NA,NA,NA,NA,NA,NA,NA,NA,NA,NA,NA,NA,NA,NA,NA,NA,NA,NA,NA,NA,NA,NA,NA,NA,NA,NA,NA,NA,NA,NA,NA,NA,NA,NA,NA,NA,NA,NA,NA,NA,NA,NA,NA,NA,NA,NA,NA,NA,NA,NA,NA,NA,NA,5.404285714,NA
"2","ET1",4,41,"ET",1,"2013",5,297,599,65.65470653,117,18.98,"mesic-subhygric",599,63.766608,-150.189488,NA,NA,0.150522005,0,0,0,0,0,0,0,0,0,0,0,0,0,0,0,0,0,0,0,0,0,0,0,0,0,0,0,0,40.1375,16.3,18.975,36.05,NA,24.01833333,0,0,0,0,0,0,0,0,12.50915333,NA,12.50915333,0,0,"burn",NA,NA,NA,NA,NA,NA,NA,NA,NA,NA,NA,NA,NA,NA,NA,NA,NA,NA,NA,NA,NA,NA,NA,NA,NA,NA,NA,NA,NA,NA,NA,NA,NA,NA,NA,NA,NA,NA,NA,NA,NA,NA,NA,NA,NA,NA,NA,NA,NA,NA,NA,NA,NA,NA,0.150522005,0.111722544,12.5091533325,12.5091533325
"3","ET10",5,42,"ET",10,"2013",3,26,569,66.43428686,154,18.9,"mesic-subhygric",569,63.77204,-150.229545,NA,NA,0.12292131,0,0,0,0,0,0,0,0,0,0,0,0,0,0,0,0,0,0,0,0,0,0,0,0,0,0,0,0,32.725,25.2625,20.5,28.025,7.833333333,19.85666667,0,0,0,0,0,0,0,0,8.347486667,9.823333333,9.08541,0,0,"burn",NA,NA,NA,NA,NA,NA,NA,NA,NA,NA,NA,NA,NA,NA,NA,NA,NA,NA,NA,NA,NA,NA,NA,NA,NA,NA,NA,NA,NA,NA,NA,NA,NA,NA,NA,NA,NA,NA,NA,NA,NA,NA,NA,NA,NA,NA,NA,NA,NA,NA,NA,NA,NA,NA,0.12292131,0.108789434,8.442281666,8.442281666
"4","ET11",6,43,"ET",11,"2013",0,61,560,64.01452854,119,13.5,"subhygric",560,63.775544,-150.188294,NA,NA,0.169051466,0,0,0,0,0,0,0,0,0,0,0,0,0,0,0,0,0,0,0,0,0,0,0,0,0,0,0,0,38.225,21.4125,13.75,36.8,NA,22.68,0,0,0,0,0,0,0,0,11.17082,NA,11.17082,0,0,"burn",NA,NA,NA,NA,NA,NA,NA,NA,NA,NA,NA,NA,NA,NA,NA,NA,NA,NA,NA,NA,NA,NA,NA,NA,NA,NA,NA,NA,NA,NA,NA,NA,NA,NA,NA,NA,NA,NA,NA,NA,NA,NA,NA,NA,NA,NA,NA,NA,NA,NA,NA,NA,NA,NA,0.169051466,0.134182932,11.1708200015,11.1708200015
"5","ET12",7,44,"ET",12,"2013",0,92,567,63.75394102,88,39.83,"subhygric",567,63.775811,-150.198528,NA,NA,0.122373809,0,0,0,0,0,0,0,0,0,0,0,0,0,0,0,0,0,0,0,0,0,0,0,0,0,0,0,0,45.8125,45.8125,37.125,37.125,NA,NA,0,0,0,0,0,0,0,0,NA,NA,NA,0,0,"burn",NA,NA,NA,NA,NA,NA,NA,NA,NA,NA,NA,NA,NA,NA,NA,NA,NA,NA,NA,NA,NA,NA,NA,NA,NA,NA,NA,NA,NA,NA,NA,NA,NA,NA,NA,NA,NA,NA,NA,NA,NA,NA,NA,NA,NA,NA,NA,NA,NA,NA,NA,NA,NA,NA,0.122373809,0.092692358,NA,NA
"6","ET13",8,45,"ET",13,"2013",0,221,555,63.39676482,41,19.93,"subhygric",555,63.775999,-150.208747,NA,NA,0.117352031,0,0,0,0,0,0,0,0,0,0,0,0,0,0,0,0,0,0,0,0,0,0,0,0,0,0,0,0,47,28.85,18.125,35.225,10.26666667,20.39208333,0,0,0,0,0,0,0,0,8.853977895,12.45666667,10.65532228,0,0,"burn",NA,NA,NA,NA,NA,NA,NA,NA,NA,NA,NA,NA,NA,NA,NA,NA,NA,NA,NA,NA,NA,NA,NA,NA,NA,NA,NA,NA,NA,NA,NA,NA,NA,NA,NA,NA,NA,NA,NA,NA,NA,NA,NA,NA,NA,NA,NA,NA,NA,NA,NA,NA,NA,NA,0.117352032,0.093402227,9.260925835,9.260925835
"7","ET14",9,46,"ET",14,"2013",3,263,547,63.25626976,83,8.55,"mesic-subhygric",547,63.776338,-150.218773,NA,NA,0.113930852,0,0,0,0,0,0,0,0,0,0,0,0,0,0,0,0,0,0,0,0,0,0,0,0,0,0,0,0,36.6875,25.8875,8.55,44.925,5.613333333,21.52333333,0,0,0,0,0,0,0,0,10.01415333,7.803333333,8.908743333,0,0,"burn",NA,NA,NA,NA,NA,NA,NA,NA,NA,NA,NA,NA,NA,NA,NA,NA,NA,NA,NA,NA,NA,NA,NA,NA,NA,NA,NA,NA,NA,NA,NA,NA,NA,NA,NA,NA,NA,NA,NA,NA,NA,NA,NA,NA,NA,NA,NA,NA,NA,NA,NA,NA,NA,NA,0.113930852,0.088736765,10.13071749925,10.13071749925
"8","ET15",10,47,"ET",15,"2013",3,307,551,65.47294054,127,17.75,"mesic",551,63.776502,-150.229061,NA,NA,0.131715611,0,0,0,0,0,0,0,0,0,0,0,0,0,0,0,0,0,0,0,0,0,0,0,0,0,0,0,0,35.3,29.775,16.625,38.3,NA,19.06166667,0,1,1,0,0,0.0625,0.0625,0,7.552486667,NA,7.552486667,0.0625,0,"burn",NA,NA,NA,NA,NA,NA,NA,NA,NA,NA,NA,NA,NA,NA,NA,NA,NA,NA,NA,NA,NA,NA,NA,NA,NA,NA,NA,NA,NA,NA,NA,NA,NA,NA,NA,NA,NA,NA,NA,NA,NA,NA,NA,NA,NA,NA,NA,NA,NA,NA,NA,NA,NA,NA,0.131715611,0.103693765,7.5524866665,7.5524866665
"9","ET16",11,48,"ET",16,"2013",2,8,545,65.75902604,172,14.18,"subhygric",545,63.779975,-150.187853,NA,NA,0.157714835,0,0,0,0,0,0,0,0,0,0,0,0,0,0,0,0,0,0,0,0,0,0,0,0,0,0,0,0,39.2,17.425,14.175,43.45,NA,25.22333333,0,0,0,0,0,0,0,0,13.71415333,NA,13.71415333,0,0,"burn",NA,NA,NA,NA,NA,NA,NA,NA,NA,NA,NA,NA,NA,NA,NA,NA,NA,NA,NA,NA,NA,NA,NA,NA,NA,NA,NA,NA,NA,NA,NA,NA,NA,NA,NA,NA,NA,NA,NA,NA,NA,NA,NA,NA,NA,NA,NA,NA,NA,NA,NA,NA,NA,NA,0.157714835,0.13641475,13.7141533315,13.7141533315
"10","ET17",12,49,"ET",17,"2013",4,50,579,66.16764103,130,22,"mesic-subhygric",579,63.78031,-150.1979,NA,NA,0.123117507,0,0,0,0,0,0,0,0,0,0,0,0,0,0,0,0,0,0,0,0,0,0,0,0,0,0,0,0,39.75,21.65,22,36,NA,16.85666667,0,0,0,0,0,0,0,0,5.347486667,NA,5.347486667,0,0,"burn",NA,NA,NA,NA,NA,NA,NA,NA,NA,NA,NA,NA,NA,NA,NA,NA,NA,NA,NA,NA,NA,NA,NA,NA,NA,NA,NA,NA,NA,NA,NA,NA,NA,NA,NA,NA,NA,NA,NA,NA,NA,NA,NA,NA,NA,NA,NA,NA,NA,NA,NA,NA,NA,NA,0.123117507,0.099470859,5.34748666675,5.34748666675
"11","ET18",13,50,"ET",18,"2013",5,341,571,68.4508414,161,19.28,"mesic-subhygric",571,63.780498,-150.208054,NA,NA,0.104884262,0,0,0,0,0,0,0,0,0,0,0,0,0,0,0,0,0,0,0,0,0,0,0,0,0,0,0,0,34.675,27.325,22.725,38.575,NA,23.88,0,0,0,0,0,0,0,0,12.37082,NA,12.37082,0,0,"burn",NA,NA,NA,NA,NA,NA,NA,NA,NA,NA,NA,NA,NA,NA,NA,NA,NA,NA,NA,NA,NA,NA,NA,NA,NA,NA,NA,NA,NA,NA,NA,NA,NA,NA,NA,NA,NA,NA,NA,NA,NA,NA,NA,NA,NA,NA,NA,NA,NA,NA,NA,NA,NA,NA,0.104884262,0.073502192,12.3708200025,12.3708200025
"12","ET19",14,38,"ET",19,"2013",4,246,540,61.93198906,66,17.73,"mesic-subhygric",540,63.780777,-150.218232,NA,NA,0.151758872,0,0,0,0,0,0,0,0,0,0,0,0,0,0,0,0,0,0,0,0,0,0,0,0,0,0,0,0,38.8625,18.625,17.7,47.725,12.3,26.96166667,0,0,0,0,0,0,0,0,15.45248667,14.49,14.97124333,0,0,"burn",NA,NA,NA,NA,NA,NA,NA,NA,NA,NA,NA,NA,NA,NA,NA,NA,NA,NA,NA,NA,NA,NA,NA,NA,NA,NA,NA,NA,NA,NA,NA,NA,NA,NA,NA,NA,NA,NA,NA,NA,NA,NA,NA,NA,NA,NA,NA,NA,NA,NA,NA,NA,NA,NA,0.151758872,0.087572629,15.589884165,15.589884165
"13","ET2",15,39,"ET",2,"2013",4,243,606,61.74129805,63,12.6,"mesic-subhygric",606,63.76679,-150.199577,NA,NA,0.144657221,0,0,0,0,0,0,0,0,0,0,0,0,0,0,0,0,0,0,0,0,0,0,0,0,0,0,0,0,44.4375,9.8375,10.35,43.25,7.9,20.3,0,0,0,0,0,0,0,0,8.79082,8.454,8.62241,0,0,"burn",NA,NA,NA,NA,NA,NA,NA,NA,NA,NA,NA,NA,NA,NA,NA,NA,NA,NA,NA,NA,NA,NA,NA,NA,NA,NA,NA,NA,NA,NA,NA,NA,NA,NA,NA,NA,NA,NA,NA,NA,NA,NA,NA,NA,NA,NA,NA,NA,NA,NA,NA,NA,NA,NA,0.144657221,0.098850458,8.8281791025,8.8281791025
"14","ET20",16,40,"ET",20,"2013",2,332,536,65.53015893,152,15.15,"mesic-subhygric",536,63.781013,-150.228378,NA,NA,0.104149222,0,0,0,0,0,0,0,0,0,0,0,0,0,0,0,0,0,0,0,0,0,0,0,0,0,0,0,0,35.475,24.225,17.65,37.95,NA,23.97333333,0,0,0,0,0,0,0,0,12.46415333,NA,12.46415333,0,0,"burn",NA,NA,NA,NA,NA,NA,NA,NA,NA,NA,NA,NA,NA,NA,NA,NA,NA,NA,NA,NA,NA,NA,NA,NA,NA,NA,NA,NA,NA,NA,NA,NA,NA,NA,NA,NA,NA,NA,NA,NA,NA,NA,NA,NA,NA,NA,NA,NA,NA,NA,NA,NA,NA,NA,0.104149223,0.071422604,12.4641533325,12.4641533325
"15","ET21",17,54,"ET",21,"2013",1,108,533,63.45966613,72,21.53,"subhygric",533,63.784521,-150.187228,NA,NA,0.122126648,0,0,0,0,0,0,0,0,0,0,0,0,0,0,0,0,0,0,0,0,0,0,0,0,0,0,0,0,45.325,13.05,16.15,33.43333333,NA,27.04222222,0,0,0,0,0,0,0,0,15.53304222,NA,15.53304222,0,0,"burn",NA,NA,NA,NA,NA,NA,NA,NA,NA,NA,NA,NA,NA,NA,NA,NA,NA,NA,NA,NA,NA,NA,NA,NA,NA,NA,NA,NA,NA,NA,NA,NA,NA,NA,NA,NA,NA,NA,NA,NA,NA,NA,NA,NA,NA,NA,NA,NA,NA,NA,NA,NA,NA,NA,0.122126648,0.076029473,15.5330422233333,15.5330422233333
"16","ET22",18,4,"ET",22,"2013",8,75,555,64.73213312,105,9.68,"mesic",555,63.784784,-150.197436,NA,NA,0.088186616,9,0,0,4,16,0,0,0,29,20,0.144307325,0.099522293,0.044785032,0,0,0.019904459,0.079617834,0,0,0,0.544945014,0,0,0.115185347,0.981392837,0,0,0,54.875,16.3125,9.675,46.125,6.192307692,14.36666667,0,0,0,0,0,0,0,0,2.857486667,8.382307692,5.619897179,-0.019904459,-0.079617834,"burn",95.98297527,29.51926276,0.477379989,0.238689994,0.146816717,0.245993856,30.4222117,4.406295535,0.151307615,0.075653808,0.021915108,0.036719129,NA,NA,NA,NA,NA,NA,NA,NA,NA,NA,NA,NA,6.033381886,3.87837657,0.030007569,0.015003785,0.019289456,0.032319805,59.52738169,21.23459065,0.296064804,0.148032402,0.105612153,0.176954922,NA,NA,NA,NA,NA,NA,NA,NA,NA,NA,NA,NA,NA,NA,NA,NA,NA,NA,0.088186616,0.05321583,5.6198971795,5.6198971795
"17","ET23",19,5,"ET",23,"2013",6,263,551,62.44917638,83,16,"mesic-subhygric",551,63.785005,-150.207408,NA,NA,0.128750794,0,0,0,1,0,0,0,0,1,1,0.004976115,0.004976115,0,0,0,0.004976115,0,0,0,0,0,0,0,0.005627853,0,0,0,0,41.6875,24.8125,12,44,NA,18.925,1,0,1,1,0.0625,0,0.0625,0.0625,7.41582,NA,7.41582,-0.004976115,0.0625,"burn",0.325648743,0.20919448,0.001619643,0.000809822,0.001040448,0.001743287,NA,NA,NA,NA,NA,NA,NA,NA,NA,NA,NA,NA,NA,NA,NA,NA,NA,NA,0.325648743,0.20919448,0.001619643,0.000809822,0.001040448,0.001743287,NA,NA,NA,NA,NA,NA,NA,NA,NA,NA,NA,NA,NA,NA,NA,NA,NA,NA,NA,NA,NA,NA,NA,NA,0.128750794,0.091460645,7.41582,7.41582
"18","ET24",20,6,"ET",24,"2013",2,324,533,65.37718114,144,24.5,"mesic-subhygric",533,63.785244,-150.217615,NA,NA,0.118404656,0,0,0,0,5,0,0,0,5,5,0.024880573,0.024880573,0,0,0,0,0.024880573,0,0,0,0,0,0,0,0.027244671,0,0,0,32.75,32.75,32,32,8.107142857,15.56666667,0,0,0,1,0,0,0,0.0625,4.057486667,9.451363636,6.754425152,0,-0.024880573,"burn",1.668135677,0.372499948,0.008296623,0.004148312,0.001852662,0.003104166,NA,NA,NA,NA,NA,NA,NA,NA,NA,NA,NA,NA,NA,NA,NA,NA,NA,NA,NA,NA,NA,NA,NA,NA,1.668135677,0.372499948,0.008296623,0.004148312,0.001852662,0.003104166,NA,NA,NA,NA,NA,NA,NA,NA,NA,NA,NA,NA,NA,NA,NA,NA,NA,NA,0.118404656,0.087132642,8.430216032,8.430216032
"19","ET25",21,7,"ET",25,"2013",0,297,528,64.00892606,117,22.33,"mesic-subhygric",528,63.785479,-150.2278,NA,NA,0.10830069,0,0,0,21,5,0,0,0,26,26,0.129378981,0.129378981,0,0,0,0.104498408,0.024880573,0,0,0,0,0,0,1.004284911,0.907019977,0,0,0,38.8125,30.5625,25.375,35.375,5.538461538,17.50416667,0,4,4,0,0,0.25,0.25,0,6.113627018,7.23,6.671813509,0.145501592,-0.024880573,"burn",113.4139378,30.27142991,0.564074454,0.282037227,0.150557688,0.252261916,NA,NA,NA,NA,NA,NA,NA,NA,NA,NA,NA,NA,NA,NA,NA,NA,NA,NA,54.7985428,18.9124377,0.272545497,0.136272749,0.094062715,0.157603648,58.61539498,11.35899221,0.291528956,0.145764478,0.056494973,0.094658268,NA,NA,NA,NA,NA,NA,NA,NA,NA,NA,NA,NA,NA,NA,NA,NA,NA,NA,0.10830069,0.080358173,6.6086105495,6.6086105495
"20","ET3",25,8,"ET",3,"2013",3,117,605,62.28519678,63,10.75,"mesic",605,63.767167,-150.209769,NA,NA,0.150667436,0,0,0,1,0,0,0,0,1,1,0.004976115,0.004976115,0,0,0,0.004976115,0,0,0,0,0,0,0,0.019261327,0,0,0,0,44.125,16.6125,10.75,45.95,NA,19.34,0,0,0,0,0,0,0,0,7.83082,NA,7.83082,-0.004976115,0,"burn",1.01792323,0.515811648,0.005062733,0.002531367,0.002565436,0.00429843,NA,NA,NA,NA,NA,NA,NA,NA,NA,NA,NA,NA,NA,NA,NA,NA,NA,NA,1.01792323,0.515811648,0.005062733,0.002531367,0.002565436,0.00429843,NA,NA,NA,NA,NA,NA,NA,NA,NA,NA,NA,NA,NA,NA,NA,NA,NA,NA,NA,NA,NA,NA,NA,NA,0.150667436,0.119444751,7.83081999975,7.83081999975
"21","ET4",26,9,"ET",4,"2013",2,278,585,63.97562679,98,33.58,"mesic-subhygric",585,63.767399,-150.22007,NA,NA,0.10161724,2,0,0,16,0,0,0,0,18,16,0.089570064,0.079617834,0.009952229,0,0,0.079617834,0,0,0,0,0.048487863,0,0,0.874236169,0,0,0,0,36.975,36.975,33.575,33.575,5.193333333,15.725,0,3,3,7,0,0.1875,0.1875,0.4375,4.21582,6.50754386,5.36168193,0.107882166,0,"burn",50.88765127,15.67803487,0.253094325,0.126547163,0.077976121,0.130650291,2.184029148,0.483161687,0.010862466,0.005431233,0.002403048,0.004026347,NA,NA,NA,NA,NA,NA,NA,NA,NA,NA,NA,NA,48.70362212,15.19487319,0.242231859,0.12111593,0.075573073,0.126623943,NA,NA,NA,NA,NA,NA,NA,NA,NA,NA,NA,NA,NA,NA,NA,NA,NA,NA,NA,NA,NA,NA,NA,NA,0.10161724,0.063614585,5.354649927,5.354649927
"22","ET5",27,10,"ET",5,"2013",1,351,573,64.75483005,171,18.13,"mesic-subhygric",573,63.767592,-150.230188,NA,NA,0.184671966,0,0,0,4,0,0,0,0,4,4,0.019904459,0.019904459,0,0,0,0.019904459,0,0,0,0,0,0,0,0.477232171,0,0,0,0,34.15,28.0875,18,44.125,7.333333333,19.04666667,0,0,0,0,0,0,0,0,7.537486667,7.109148936,7.323317801,-0.019904459,0,"burn",26.73901718,7.243572851,0.132988915,0.066494457,0.036026563,0.060363107,NA,NA,NA,NA,NA,NA,NA,NA,NA,NA,NA,NA,NA,NA,NA,NA,NA,NA,26.73901718,7.243572851,0.132988915,0.066494457,0.036026563,0.060363107,NA,NA,NA,NA,NA,NA,NA,NA,NA,NA,NA,NA,NA,NA,NA,NA,NA,NA,NA,NA,NA,NA,NA,NA,0.184671966,0.143885562,7.355157475,7.355157475
"23","ET6",28,52,"ET",6,"2013",3,245,577,62.37862518,65,26.03,"mesic-subhygric",577,63.771071,-150.188968,NA,NA,0.212671169,0,0,0,0,0,0,0,0,0,0,0,0,0,0,0,0,0,0,0,0,0,0,0,0,0,0,0,0,36.8875,20.5375,26.025,37.15,13.2,24.81333333,0,0,0,0,0,0,0,0,13.30415333,15.39,14.34707667,0,0,"burn",NA,NA,NA,NA,NA,NA,NA,NA,NA,NA,NA,NA,NA,NA,NA,NA,NA,NA,NA,NA,NA,NA,NA,NA,NA,NA,NA,NA,NA,NA,NA,NA,NA,NA,NA,NA,NA,NA,NA,NA,NA,NA,NA,NA,NA,NA,NA,NA,NA,NA,NA,NA,NA,NA,0.212671169,0.168066255,13.7523841675,13.7523841675
"24","ET7",29,53,"ET",7,"2013",4,307,590,65.98030799,127,22.63,"mesic-subhygric",590,63.771321,-150.199008,NA,NA,0.123411252,0,0,0,0,0,0,0,0,0,0,0,0,0,0,0,0,0,0,0,0,0,0,0,0,0,0,0,0,34.65,26.9875,24.8,35.025,NA,18.59333333,0,0,0,0,0,0,0,0,7.084153333,NA,7.084153333,0,0,"burn",NA,NA,NA,NA,NA,NA,NA,NA,NA,NA,NA,NA,NA,NA,NA,NA,NA,NA,NA,NA,NA,NA,NA,NA,NA,NA,NA,NA,NA,NA,NA,NA,NA,NA,NA,NA,NA,NA,NA,NA,NA,NA,NA,NA,NA,NA,NA,NA,NA,NA,NA,NA,NA,NA,0.123411252,0.088442442,7.08415333325,7.08415333325
"25","ET8",30,66,"ET",8,"2013",2,19,580,65.6545224,161,25.8,"mesic-subhygric",580,63.771579,-150.209292,NA,NA,0.105555861,0,0,0,0,0,0,0,0,0,0,0,0,0,0,0,0,0,0,0,0,0,0,0,0,0,0,0,0,33.675,22.25,25.8,33.825,NA,18.345,0,0,0,0,0,0,0,0,6.83582,NA,6.83582,0,0,"burn",NA,NA,NA,NA,NA,NA,NA,NA,NA,NA,NA,NA,NA,NA,NA,NA,NA,NA,NA,NA,NA,NA,NA,NA,NA,NA,NA,NA,NA,NA,NA,NA,NA,NA,NA,NA,NA,NA,NA,NA,NA,NA,NA,NA,NA,NA,NA,NA,NA,NA,NA,NA,NA,NA,0.105555861,0.065030691,6.83582,6.83582
"26","ET9",31,55,"ET",9,"2013",2,1,562,65.7714864,179,24.85,"mesic-subhygric",562,63.771814,-150.219371,NA,NA,0.087089626,0,0,0,0,0,0,0,0,0,0,0,0,0,0,0,0,0,0,0,0,0,0,0,0,0,0,0,0,31.7875,18.5875,24.925,33.175,16.3875,20.65333333,0,0,0,0,0,0,0,0,9.144153333,10.57571429,9.85993381,0,0,"burn",NA,NA,NA,NA,NA,NA,NA,NA,NA,NA,NA,NA,NA,NA,NA,NA,NA,NA,NA,NA,NA,NA,NA,NA,NA,NA,NA,NA,NA,NA,NA,NA,NA,NA,NA,NA,NA,NA,NA,NA,NA,NA,NA,NA,NA,NA,NA,NA,NA,NA,NA,NA,NA,NA,0.087089626,0.060304517,10.1088441665,10.1088441665
"27","FC1",NA,NA,NA,NA,NA,NA,NA,NA,NA,NA,NA,NA,NA,NA,NA,NA,NA,NA,NA,NA,NA,NA,NA,NA,NA,NA,NA,NA,NA,NA,NA,NA,NA,NA,NA,NA,NA,NA,NA,NA,NA,NA,NA,NA,NA,NA,NA,NA,NA,NA,NA,NA,NA,NA,NA,NA,NA,NA,NA,NA,NA,NA,NA,NA,NA,NA,NA,NA,NA,NA,NA,NA,NA,NA,NA,NA,NA,NA,NA,NA,NA,NA,NA,NA,NA,NA,NA,NA,NA,NA,NA,NA,NA,NA,NA,NA,NA,NA,NA,NA,NA,NA,NA,NA,NA,NA,NA,NA,NA,NA,NA,NA,NA,NA,NA,NA,NA,NA,NA,NA,NA,NA,6.15777440475,NA
"28","FC2",NA,NA,NA,NA,NA,NA,NA,NA,NA,NA,NA,NA,NA,NA,NA,NA,NA,NA,NA,NA,NA,NA,NA,NA,NA,NA,NA,NA,NA,NA,NA,NA,NA,NA,NA,NA,NA,NA,NA,NA,NA,NA,NA,NA,NA,NA,NA,NA,NA,NA,NA,NA,NA,NA,NA,NA,NA,NA,NA,NA,NA,NA,NA,NA,NA,NA,NA,NA,NA,NA,NA,NA,NA,NA,NA,NA,NA,NA,NA,NA,NA,NA,NA,NA,NA,NA,NA,NA,NA,NA,NA,NA,NA,NA,NA,NA,NA,NA,NA,NA,NA,NA,NA,NA,NA,NA,NA,NA,NA,NA,NA,NA,NA,NA,NA,NA,NA,NA,NA,NA,NA,NA,7.86554666633333,NA
"29","FC3",NA,NA,NA,NA,NA,NA,NA,NA,NA,NA,NA,NA,NA,NA,NA,NA,NA,NA,NA,NA,NA,NA,NA,NA,NA,NA,NA,NA,NA,NA,NA,NA,NA,NA,NA,NA,NA,NA,NA,NA,NA,NA,NA,NA,NA,NA,NA,NA,NA,NA,NA,NA,NA,NA,NA,NA,NA,NA,NA,NA,NA,NA,NA,NA,NA,NA,NA,NA,NA,NA,NA,NA,NA,NA,NA,NA,NA,NA,NA,NA,NA,NA,NA,NA,NA,NA,NA,NA,NA,NA,NA,NA,NA,NA,NA,NA,NA,NA,NA,NA,NA,NA,NA,NA,NA,NA,NA,NA,NA,NA,NA,NA,NA,NA,NA,NA,NA,NA,NA,NA,NA,NA,4.15748666666667,NA
"30","SL1",NA,NA,NA,NA,NA,NA,NA,NA,NA,NA,NA,NA,NA,NA,NA,NA,NA,NA,NA,NA,NA,NA,NA,NA,NA,NA,NA,NA,NA,NA,NA,NA,NA,NA,NA,NA,NA,NA,NA,NA,NA,NA,NA,NA,NA,NA,NA,NA,NA,NA,NA,NA,NA,NA,NA,NA,NA,NA,NA,NA,NA,NA,NA,NA,NA,NA,NA,NA,NA,NA,NA,NA,NA,NA,NA,NA,NA,NA,NA,NA,NA,NA,NA,NA,NA,NA,NA,NA,NA,NA,NA,NA,NA,NA,NA,NA,NA,NA,NA,NA,NA,NA,NA,NA,NA,NA,NA,NA,NA,NA,NA,NA,NA,NA,NA,NA,NA,NA,NA,NA,NA,NA,7.0618167215,NA
"31","SL2",NA,NA,NA,NA,NA,NA,NA,NA,NA,NA,NA,NA,NA,NA,NA,NA,NA,NA,NA,NA,NA,NA,NA,NA,NA,NA,NA,NA,NA,NA,NA,NA,NA,NA,NA,NA,NA,NA,NA,NA,NA,NA,NA,NA,NA,NA,NA,NA,NA,NA,NA,NA,NA,NA,NA,NA,NA,NA,NA,NA,NA,NA,NA,NA,NA,NA,NA,NA,NA,NA,NA,NA,NA,NA,NA,NA,NA,NA,NA,NA,NA,NA,NA,NA,NA,NA,NA,NA,NA,NA,NA,NA,NA,NA,NA,NA,NA,NA,NA,NA,NA,NA,NA,NA,NA,NA,NA,NA,NA,NA,NA,NA,NA,NA,NA,NA,NA,NA,NA,NA,NA,NA,9.0194675785,NA
"32","SL3",NA,NA,NA,NA,NA,NA,NA,NA,NA,NA,NA,NA,NA,NA,NA,NA,NA,NA,NA,NA,NA,NA,NA,NA,NA,NA,NA,NA,NA,NA,NA,NA,NA,NA,NA,NA,NA,NA,NA,NA,NA,NA,NA,NA,NA,NA,NA,NA,NA,NA,NA,NA,NA,NA,NA,NA,NA,NA,NA,NA,NA,NA,NA,NA,NA,NA,NA,NA,NA,NA,NA,NA,NA,NA,NA,NA,NA,NA,NA,NA,NA,NA,NA,NA,NA,NA,NA,NA,NA,NA,NA,NA,NA,NA,NA,NA,NA,NA,NA,NA,NA,NA,NA,NA,NA,NA,NA,NA,NA,NA,NA,NA,NA,NA,NA,NA,NA,NA,NA,NA,NA,NA,11.32642294875,NA
"33","WC1",47,69,"WC",1,"2013",3,138,472,61.56066998,42,10.73,"mesic-subhygric",472,63.856015,-150.177931,NA,NA,0.21495095,0,0,0,0,0,0,0,0,0,0,0,0,0,0,0,0,0,0,0,0,0,0,0,0,0,0,0,0,59.6875,15.775,10.725,59.325,11.78333333,24.81666667,5,0,5,0,0.3125,0,0.3125,0,13.30748667,13.534,13.42074333,0,0.3125,"burn",NA,NA,NA,NA,NA,NA,NA,NA,NA,NA,NA,NA,NA,NA,NA,NA,NA,NA,NA,NA,NA,NA,NA,NA,NA,NA,NA,NA,NA,NA,NA,NA,NA,NA,NA,NA,NA,NA,NA,NA,NA,NA,NA,NA,NA,NA,NA,NA,NA,NA,NA,NA,NA,NA,0.21495095,0.177597098,13.440897115,13.440897115
"34","WC10",48,19,"WC",10,"2013",1,305,453,64.4228719,125,16,"subhygric",453,63.861494,-150.217843,NA,NA,0.182998601,0,0,7,0,0,0,0,0,7,0,0.034832803,0,0,0,0.034832803,0,0,0,0,0,0,0,1.572481556,0,0,0,0,0,71.0625,27.4375,16,98.5,8.1875,NA,0,1,1,0,0,0.0625,0.0625,0,NA,10.3775,10.3775,0.0625,0,"burn",125.29882,28.12055057,0.623184988,0.311592494,0.139860096,0.234337921,NA,NA,NA,NA,NA,NA,NA,NA,NA,NA,NA,NA,125.29882,28.12055057,0.623184988,0.311592494,0.139860096,0.234337921,NA,NA,NA,NA,NA,NA,NA,NA,NA,NA,NA,NA,NA,NA,NA,NA,NA,NA,NA,NA,NA,NA,NA,NA,NA,NA,NA,NA,NA,NA,0.182998602,0.151197865,10.3775,10.3775
"35","WC11",49,20,"WC",11,"2013",4,179,460,59.86549943,1,4.43,"mesic",460,63.864965,-150.176732,NA,NA,0.197092472,0,0,0,2,13,0,0,0,15,15,0.07464172,0.07464172,0,0,0,0.009952229,0.06468949,0,0,0,0,0,0,0.281119078,1.116542602,0,0,0,78.9,7.425,4.375,87.675,15.10666667,25.84666667,14,0,14,0,0.875,0,0.875,0,14.33748667,13.66169811,13.99959239,-0.009952229,0.81031051,"burn",93.59032969,17.67203955,0.46547995,0.232739975,0.087893483,0.147266996,NA,NA,NA,NA,NA,NA,NA,NA,NA,NA,NA,NA,NA,NA,NA,NA,NA,NA,15.5583509,4.405523776,0.077380862,0.038690431,0.02191127,0.036712698,78.0319788,13.26651577,0.388099088,0.194049544,0.065982213,0.110554298,NA,NA,NA,NA,NA,NA,NA,NA,NA,NA,NA,NA,NA,NA,NA,NA,NA,NA,0.197092472,0.171189169,13.8182225,13.8182225
"36","WC12",50,21,"WC",12,"2013",2,184,469,61.86974531,4,21.85,"mesic-subhygric",469,63.865195,-150.186862,NA,NA,0.145425576,0,0,0,0,2,0,0,0,2,2,0.009952229,0.009952229,0,0,0,0,0.009952229,0,0,0,0,0,0,0,0.042834215,0,0,0,48.2,23.55,21.85,53.925,13.31333333,24.03166667,4,0,4,0,0.25,0,0.25,0,12.52248667,13.99444444,13.25846556,0,0.240047771,"burn",2.454221416,1.044613073,0.012206292,0.006103146,0.005195477,0.008705109,NA,NA,NA,NA,NA,NA,NA,NA,NA,NA,NA,NA,NA,NA,NA,NA,NA,NA,NA,NA,NA,NA,NA,NA,2.454221416,1.044613073,0.012206292,0.006103146,0.005195477,0.008705109,NA,NA,NA,NA,NA,NA,NA,NA,NA,NA,NA,NA,NA,NA,NA,NA,NA,NA,0.145425577,0.119123498,13.058845835,13.058845835
"37","WC13",51,22,"WC",13,"2013",2,161,482,61.96736854,19,17.13,"mesic-subhygric",482,63.865435,-150.197093,NA,NA,0.151599476,0,0,0,0,4,0,0,0,4,4,0.019904459,0.019904459,0,0,0,0,0.019904459,0,0,0,0,0,0,0,0.129538327,0,0,0,55.3625,17.4375,14.75,46.2,16.05333333,24.325,12,0,12,0,0.75,0,0.75,0,12.81582,13.23035088,13.02308544,0,0.730095541,"burn",7.503450118,2.614267341,0.037319086,0.018659543,0.013002295,0.021785561,NA,NA,NA,NA,NA,NA,NA,NA,NA,NA,NA,NA,NA,NA,NA,NA,NA,NA,NA,NA,NA,NA,NA,NA,7.503450118,2.614267341,0.037319086,0.018659543,0.013002295,0.021785561,NA,NA,NA,NA,NA,NA,NA,NA,NA,NA,NA,NA,NA,NA,NA,NA,NA,NA,0.151599476,0.110751089,13.0306183325,13.0306183325
"38","WC14",52,23,"WC",14,"2013",7,250,494,60.77541773,70,12.45,"subxeric-mesic",494,63.865735,-150.207193,NA,NA,0.188533313,0,0,2,0,9,0,0,0,11,9,0.054737261,0.044785032,0,0,0.009952229,0,0.044785032,0,0,0,0,0,0.050710864,0,0.726991601,0,0,0,81.0375,9.2375,12.45,83.625,12.47857143,27.68666667,12,0,12,1,0.75,0,0.75,0.0625,16.17748667,14.04714286,15.11231476,0,0.705214968,"burn",47.18541525,9.11822132,0.234680921,0.11734046,0.045350297,0.075985178,NA,NA,NA,NA,NA,NA,NA,NA,NA,NA,NA,NA,2.587269765,0.642293005,0.01286802,0.00643401,0.003194502,0.005352442,NA,NA,NA,NA,NA,NA,44.59814549,8.475928316,0.221812901,0.11090645,0.042155794,0.070632736,NA,NA,NA,NA,NA,NA,NA,NA,NA,NA,NA,NA,NA,NA,NA,NA,NA,NA,0.188533313,0.149626041,14.6467019033333,14.6467019033333
"39","WC15",53,64,"WC",15,"2013",3,295,454,64.99598211,115,7.7,"subhygric",454,63.865964,-150.217363,NA,NA,0.260934046,0,0,0,0,0,0,0,0,0,0,0,0,0,0,0,0,0,0,0,0,0,0,0,0,0,0,0,0,54.175,21.825,3.85,63.85,NA,25.86,0,0,0,8,0,0,0,0.5,14.35082,NA,14.35082,0,0,"burn",NA,NA,NA,NA,NA,NA,NA,NA,NA,NA,NA,NA,NA,NA,NA,NA,NA,NA,NA,NA,NA,NA,NA,NA,NA,NA,NA,NA,NA,NA,NA,NA,NA,NA,NA,NA,NA,NA,NA,NA,NA,NA,NA,NA,NA,NA,NA,NA,NA,NA,NA,NA,NA,NA,0.260934046,0.243982917,14.35082,14.35082
"40","WC16",54,71,"WC",16,"2013",4,103,472,62.70969544,77,8,"mesic-subhygric",472,63.869435,-150.176143,NA,NA,0.19697345,0,0,0,0,0,0,0,0,0,0,0,0,0,0,0,0,0,0,0,0,0,0,0,0,0,0,0,0,76.525,7.95,8,73.475,12.67333333,24.00833333,0,0,0,0,0,0,0,0,12.49915333,14.86333333,13.68124333,0,0,"burn",NA,NA,NA,NA,NA,NA,NA,NA,NA,NA,NA,NA,NA,NA,NA,NA,NA,NA,NA,NA,NA,NA,NA,NA,NA,NA,NA,NA,NA,NA,NA,NA,NA,NA,NA,NA,NA,NA,NA,NA,NA,NA,NA,NA,NA,NA,NA,NA,NA,NA,NA,NA,NA,NA,NA,NA,13.1207175,13.1207175
"41","WC17",55,24,"WC",17,"2013",4,73,485,64.76803232,107,7,"mesic",485,63.869615,-150.186343,NA,NA,0.211751707,0,0,0,0,9,0,0,0,9,9,0.044785032,0.044785032,0,0,0,0,0.044785032,0,0,0,0,0,0,0,0.69187497,0,0,0,75.5,12.875,6.375,86.25,9.8,23.16190476,1,0,1,0,0.0625,0,0.0625,0,11.90924105,9.971578947,10.94041,0,0.017714968,"burn",42.23489111,10.68890585,0.210059042,0.105029521,0.053162238,0.089074215,NA,NA,NA,NA,NA,NA,NA,NA,NA,NA,NA,NA,NA,NA,NA,NA,NA,NA,NA,NA,NA,NA,NA,NA,42.23489111,10.68890585,0.210059042,0.105029521,0.053162238,0.089074215,NA,NA,NA,NA,NA,NA,NA,NA,NA,NA,NA,NA,NA,NA,NA,NA,NA,NA,0.211751707,0.171615859,10.3917492875,10.3917492875
"42","WC18",56,25,"WC",18,"2013",2,157,503,62.01871112,23,8.88,"mesic-subhygric",503,63.869865,-150.196363,NA,NA,0.144927344,1,0,0,0,6,0,0,0,7,6,0.034832803,0.029856688,0.004976115,0,0,0,0.029856688,0,0,0,0.002823697,0,0,0,0.139776329,0,0,0,63.25,12.275,8.875,66.975,14.40666667,21.71833333,7,0,7,0,0.4375,0,0.4375,0,10.20915333,12.02,11.11457667,0,0.407643312,"burn",8.160678786,3.74665341,0.040587872,0.020293936,0.018634319,0.031222112,0.099389522,0.04185868,0.000494323,0.000247161,0.000208188,0.000348822,NA,NA,NA,NA,NA,NA,NA,NA,NA,NA,NA,NA,NA,NA,NA,NA,NA,NA,8.061289264,3.70479473,0.04009355,0.020046775,0.018426131,0.030873289,NA,NA,NA,NA,NA,NA,NA,NA,NA,NA,NA,NA,NA,NA,NA,NA,NA,NA,0.144927344,0.110646369,11.11457666675,11.11457666675
"43","WC19",57,26,"WC",19,"2013",11,185,536,52.90049776,5,8.5,"subxeric-mesic",536,63.870135,-150.206614,NA,NA,0.208902427,11,0,0,0,46,0,0,1,58,46,0.28861465,0.228901274,0.054737261,0,0,0,0.228901274,0,0,0.004976115,3.63543598,0,0,0,13.34645007,0,0,0.011832561,84.7125,9.25,8.5,51.725,19.29333333,NA,2,1,3,146,0.125,0.0625,0.1875,9.125,NA,19.68777778,19.68777778,0.0625,-0.103901274,"burn",1271.525575,278.9755409,6.324047185,3.162023592,1.387510026,2.324796174,337.5013456,17.88032556,1.678593397,0.839296698,0.088929413,0.149002713,NA,NA,NA,NA,NA,NA,NA,NA,NA,NA,NA,NA,NA,NA,NA,NA,NA,NA,933.4582791,260.773123,4.642638982,2.321319491,1.296978659,2.173109359,NA,NA,NA,NA,NA,NA,NA,NA,NA,NA,NA,NA,0.5659504,0.322092296,0.002814805,0.001407403,0.001601955,0.002684102,0.208902427,0.168513416,19.6877777766667,19.6877777766667
"44","WC2",58,56,"WC",2,"2013",2,81,463,64.09899026,99,30,"subhygric",463,63.856245,-150.188041,NA,NA,0.089787992,0,0,0,0,0,0,0,0,0,0,0,0,0,0,0,0,0,0,0,0,0,0,0,0,0,0,0,0,40.3125,34.375,30,43.625,8.75,15.21111111,1,0,1,0,0.0625,0,0.0625,0,3.701931111,10.94,7.320965556,0,0.0625,"burn",NA,NA,NA,NA,NA,NA,NA,NA,NA,NA,NA,NA,NA,NA,NA,NA,NA,NA,NA,NA,NA,NA,NA,NA,NA,NA,NA,NA,NA,NA,NA,NA,NA,NA,NA,NA,NA,NA,NA,NA,NA,NA,NA,NA,NA,NA,NA,NA,NA,NA,NA,NA,NA,NA,0.089787992,0.060371811,5.51144833325,5.51144833325
"45","WC20",59,27,"WC",20,"2013",23,301,518,66.21379522,121,5,"subxeric-mesic",518,63.870414,-150.216834,NA,NA,0.268972814,36,0,0,1,15,0,0,0,52,16,0.258757962,0.079617834,0.179140127,0,0,0.004976115,0.07464172,0,0,0,2.223363088,0,0,0.562785308,2.485772681,0,0,0,24.5,3.85,5,30.625,NA,NA,4,2,6,12,0.25,0.125,0.375,0.75,NA,NA,NA,0.120023885,0.17535828,"burn",351.3184713,84.25267511,1.747314118,0.873657059,0.419038282,0.702105626,147.6010633,20.72615427,0.734107207,0.367053604,0.103083398,0.172717952,NA,NA,NA,NA,NA,NA,NA,NA,NA,NA,NA,NA,36.3819878,6.131266873,0.180949099,0.09047455,0.030494409,0.051093891,167.3354202,57.39525397,0.832257812,0.416128906,0.285460475,0.478293783,NA,NA,NA,NA,NA,NA,NA,NA,NA,NA,NA,NA,NA,NA,NA,NA,NA,NA,0.268972814,0.227103266,NA,NA
"46","WC21",60,28,"WC",21,"2013",4,196,512,60.00996251,16,6.5,"subxeric-mesic",512,63.873845,-150.175513,NA,NA,0.146311097,0,0,0,0,41,0,0,0,41,41,0.204020701,0.204020701,0,0,0,0,0.204020701,0,0,0,0,0,0,0,5.886572523,0,0,0,74.375,14.125,7.125,81.375,16.86666667,19.53333333,20,0,20,1,1.25,0,1.25,0.0625,8.024153333,15.90186441,11.96300887,0,1.045979299,"burn",397.007105,87.2926239,1.974550661,0.987275331,0.434157742,0.727438533,NA,NA,NA,NA,NA,NA,NA,NA,NA,NA,NA,NA,NA,NA,NA,NA,NA,NA,NA,NA,NA,NA,NA,NA,397.007105,87.2926239,1.974550661,0.987275331,0.434157742,0.727438533,NA,NA,NA,NA,NA,NA,NA,NA,NA,NA,NA,NA,NA,NA,NA,NA,NA,NA,0.146311097,0.106885732,14.229788335,14.229788335
"47","WC22",61,29,"WC",22,"2013",7,183,549,56.88182664,3,11.25,"subxeric-mesic",549,63.874115,-150.185864,NA,NA,0.153921446,17,0,0,0,38,0,0,0,55,38,0.273686306,0.189092357,0.084593949,0,0,0,0.189092357,0,0,0,1.221443439,0,0,0,15.17420088,0,0,0,62.75,15.0625,11.25,58.25,15.73333333,NA,0,0,0,222,0,0,0,13.875,NA,15.21083333,15.21083333,0,-0.189092357,"burn",1157.234704,214.5384704,5.755611225,2.877805613,1.067026441,1.787820586,71.35125513,9.4731571,0.354871906,0.177435953,0.047115602,0.078942976,NA,NA,NA,NA,NA,NA,NA,NA,NA,NA,NA,NA,NA,NA,NA,NA,NA,NA,1085.883449,205.0653133,5.400739319,2.70036966,1.01991084,1.708877611,NA,NA,NA,NA,NA,NA,NA,NA,NA,NA,NA,NA,NA,NA,NA,NA,NA,NA,0.153921446,0.125994226,15.37333333,15.37333333
"48","WC24",62,30,"WC",24,"2013",13,267,594,60.41643046,87,10.1,"mesic",594,63.874545,-150.2060433,NA,NA,0.23345466,44,0,0,3,2,0,0,0,49,5,0.243829618,0.024880573,0.218949045,0,0,0.014928344,0.009952229,0,0,0,3.708882198,0,0,0.388751768,0.595809863,0,0,0,80.1875,16.25,9.85,109.35,13.52,NA,5,0,5,90,0.3125,0,0.3125,5.625,NA,13.86111111,13.86111111,-0.014928344,0.302547771,"burn",365.7916772,69.23175052,1.819297914,0.909648957,0.344330358,0.576931254,301.7594174,56.83496494,1.500827692,0.750413846,0.282673827,0.473624708,NA,NA,NA,NA,NA,NA,NA,NA,NA,NA,NA,NA,22.5341606,6.320722343,0.112075681,0.056037841,0.031436683,0.052672686,41.49809922,6.076063238,0.206394541,0.103197271,0.030219849,0.05063386,NA,NA,NA,NA,NA,NA,NA,NA,NA,NA,NA,NA,NA,NA,NA,NA,NA,NA,0.23345466,0.195503598,13.86111111,13.86111111
"49","WC3",66,32,"WC",3,"2013",1,153,485,62.96196525,27,33.83,"mesic-subhygric",485,63.856515,-150.198212,NA,NA,0.089287974,0,0,0,0,17,0,0,0,17,17,0.084593949,0.084593949,0,0,0,0,0.084593949,0,0,0,0,0,0,0,0.642242777,0,0,0,44.0625,44.0625,35.125,35.125,12.16666667,23.9,10,0,10,0,0.625,0,0.625,0,12.39082,3.962727273,8.176773636,0,0.540406051,"burn",37.47609126,11.45415458,0.186390722,0.093195361,0.056968271,0.095451288,NA,NA,NA,NA,NA,NA,NA,NA,NA,NA,NA,NA,NA,NA,NA,NA,NA,NA,NA,NA,NA,NA,NA,NA,37.47609126,11.45415458,0.186390722,0.093195361,0.056968271,0.095451288,NA,NA,NA,NA,NA,NA,NA,NA,NA,NA,NA,NA,NA,NA,NA,NA,NA,NA,0.089287974,0.050910339,9.8008266675,9.8008266675
"50","WC4",67,33,"WC",4,"2013",6,297,485,66.01993214,117,6.33,"subxeric-mesic",485,63.856735,-150.208312,NA,NA,0.15183914,0,0,0,0,2,0,0,0,2,2,0.009952229,0.009952229,0,0,0,0,0.009952229,0,0,0,0,0,0,0,0.508761827,0,0,0,76.4375,9.375,5.875,78.875,9.533333333,NA,13,0,13,10,0.8125,0,0.8125,0.625,NA,10.10153846,10.10153846,0,0.802547771,"burn",33.89883469,5.793539933,0.168598913,0.084299457,0.028814694,0.048279499,NA,NA,NA,NA,NA,NA,NA,NA,NA,NA,NA,NA,NA,NA,NA,NA,NA,NA,NA,NA,NA,NA,NA,NA,33.89883469,5.793539933,0.168598913,0.084299457,0.028814694,0.048279499,NA,NA,NA,NA,NA,NA,NA,NA,NA,NA,NA,NA,NA,NA,NA,NA,NA,NA,0.15183914,0.120545596,9.88494047525,9.88494047525
"51","WC5",68,34,"WC",5,"2013",1,305,454,64.41839445,125,37.75,"subhygric",454,63.857014,-150.218492,NA,NA,0.079240755,0,0,7,0,0,0,0,0,7,0,0.034832803,0,0,0,0.034832803,0,0,0,0,0,0,0,0.043654162,0,0,0,0,0,40.6875,41.9375,37.75,37.75,NA,10.725,0,0,0,0,0,0,0,0,-0.78418,NA,-0.78418,0,0,"burn",2.147039891,0,0.010678497,0.005339248,0,0,NA,NA,NA,NA,NA,NA,NA,NA,NA,NA,NA,NA,2.147039891,0,0.010678497,0.005339248,0,0,NA,NA,NA,NA,NA,NA,NA,NA,NA,NA,NA,NA,NA,NA,NA,NA,NA,NA,NA,NA,NA,NA,NA,NA,NA,NA,NA,NA,NA,NA,0.079240755,0.053781699,-0.78418000025,0
"52","WC6",69,35,"WC",6,"2013",12,286,466,64.60247508,106,18.55,"mesic-subhygric",466,63.860435,-150.177311,NA,NA,0.106898576,0,0,0,0,6,0,0,0,6,6,0.029856688,0.029856688,0,0,0,0,0.029856688,0,0,0,0,0,0,0,0.107085538,0,0,0,67.9375,8.5875,18.275,58.525,12.5,27.89333333,3,0,3,0,0.1875,0,0.1875,0,16.38415333,13.46777778,14.92596556,0,0.157643312,"burn",6.136272261,2.659289512,0.030519304,0.015259652,0.013226216,0.022160746,NA,NA,NA,NA,NA,NA,NA,NA,NA,NA,NA,NA,NA,NA,NA,NA,NA,NA,NA,NA,NA,NA,NA,NA,6.136272261,2.659289512,0.030519304,0.015259652,0.013226216,0.022160746,NA,NA,NA,NA,NA,NA,NA,NA,NA,NA,NA,NA,NA,NA,NA,NA,NA,NA,0.106898576,0.075833993,14.9442988875,14.9442988875
"53","WC7",70,67,"WC",7,"2013",2,347,466,65.80551482,167,85.9,"subhygric",466,63.860665,-150.187562,NA,NA,0.104581191,0,0,0,0,0,0,0,0,0,0,0,0,0,0,0,0,0,0,0,0,0,0,0,0,0,0,0,0,42.45,40.8125,28.525,38.35,NA,13.595,0,0,0,0,0,0,0,0,2.08582,NA,2.08582,0,0,"burn",NA,NA,NA,NA,NA,NA,NA,NA,NA,NA,NA,NA,NA,NA,NA,NA,NA,NA,NA,NA,NA,NA,NA,NA,NA,NA,NA,NA,NA,NA,NA,NA,NA,NA,NA,NA,NA,NA,NA,NA,NA,NA,NA,NA,NA,NA,NA,NA,NA,NA,NA,NA,NA,NA,0.104581191,0.083917621,2.08582,2.08582
"54","WC8",71,36,"WC",8,"2013",4,172,486,59.89508021,8,4.63,"subxeric-mesic",486,63.860935,-150.197642,NA,NA,0.218005058,0,0,0,0,19,0,0,0,19,19,0.094546178,0.094546178,0,0,0,0,0.094546178,0,0,0,0,0,0,0,2.31006759,0,0,0,81.6875,8.875,4.625,93.875,13.36666667,21.96666667,5,0,5,0,0.3125,0,0.3125,0,10.45748667,14.09178571,12.27463619,0,0.217953822,"burn",146.0462383,35.08217684,0.726374145,0.363187072,0.174484372,0.292351474,NA,NA,NA,NA,NA,NA,NA,NA,NA,NA,NA,NA,NA,NA,NA,NA,NA,NA,NA,NA,NA,NA,NA,NA,146.0462383,35.08217684,0.726374145,0.363187072,0.174484372,0.292351474,NA,NA,NA,NA,NA,NA,NA,NA,NA,NA,NA,NA,NA,NA,NA,NA,NA,NA,0.218005058,0.187808248,12.7864613475,12.7864613475
"55","WC9",72,37,"WC",9,"2013",9,265,475,61.72343057,85,8.43,"mesic",475,63.861295,-150.207842,NA,NA,0.220722766,0,41,0,14,0,0,0,0,55,14,0.273686306,0.069665605,0,0.204020701,0,0.069665605,0,0,0,0,0,1.481388501,0,3.556774618,0,0,0,0,85.2625,8.4625,8.425,81.225,16.57333333,NA,0,9,9,17,0,0.5625,0.5625,1.0625,NA,16.67813559,16.67813559,0.492834395,0,"burn",314.9647629,62.14706184,1.56650567,0.783252835,0.30909402,0.517892182,NA,NA,NA,NA,NA,NA,83.08273909,21.14318223,0.4132195,0.20660975,0.105157525,0.176193185,NA,NA,NA,NA,NA,NA,231.8820239,41.0038796,1.15328617,0.576643085,0.203936495,0.341698997,NA,NA,NA,NA,NA,NA,NA,NA,NA,NA,NA,NA,NA,NA,NA,NA,NA,NA,NA,NA,NA,NA,NA,NA,0.220722766,0.176620459,16.6846428575,16.6846428575
